<?xml version="1.0"?>
<presentation guid="76FE7FAD-A73B-47DE-925C-BAD50CDC7F2F" version="0" availableOffline="1">
	<info>
		<title>LTV_MT_KHỐI 5_TUẦN 19_BÀI VẼ MẪU CÓ 2 ĐỒ VẬT</title>
		<description/>
	</info>
	<files index="id6" thumbnail="id101" totalSize="22894696">
		<file id="id4">lms.js</file>
		<file id="id6">index.html</file>
		<file id="id7">data/thmb1.png</file>
		<file id="id8">data/sound1.mp3</file>
		<file id="id9">data/slide1.js</file>
		<file id="id10">data/slide1.css</file>
		<file id="id11">data/thmb2.png</file>
		<file id="id12">data/quiz1.js</file>
		<file id="id13">data/quiz1/audios/snd-6829-d4f7-2788-a40a.mp3</file>
		<file id="id14">data/quiz1/fonts/fnt0.woff</file>
		<file id="id15">data/quiz1/fonts/fnt1.woff</file>
		<file id="id16">data/quiz1/fonts/fnt2.woff</file>
		<file id="id17">data/quiz1/fonts/fnt3.woff</file>
		<file id="id18">data/quiz1/images/img-00ed-e30d-d40d-f012.png</file>
		<file id="id19">data/quiz1/images/img-2040-c7b4-edd2-5669.png</file>
		<file id="id20">data/quiz1/images/img-20c8-3157-a69a-bb75.png</file>
		<file id="id21">data/quiz1/images/img-254b-56a6-951e-875b.png</file>
		<file id="id22">data/quiz1/images/img-2dd4-0b6f-383c-6bfe.png</file>
		<file id="id23">data/quiz1/images/img-2e02-866d-4890-018f.png</file>
		<file id="id24">data/quiz1/images/img-61df-b14f-f26b-c716.png</file>
		<file id="id25">data/quiz1/images/img-7c19-485d-237f-6248.png</file>
		<file id="id26">data/quiz1/images/img-8e44-7993-cb63-76fa.png</file>
		<file id="id27">data/quiz1/images/img-a1ca-9d48-c619-6c59.png</file>
		<file id="id28">data/quiz1/images/img-aa04-21ea-3693-feff.png</file>
		<file id="id29">data/quiz1/images/img-af64-117a-49f2-83e2.png</file>
		<file id="id30">data/quiz1/images/img-c0e7-6747-bbd0-1646.png</file>
		<file id="id31">data/quiz1/images/img-cb0a-9d3c-d8ae-b25a.png</file>
		<file id="id32">data/quiz1/images/img-de5e-984a-8481-9984.png</file>
		<file id="id33">data/quiz1/images/quiz_bg_0.png</file>
		<file id="id34">data/thmb3.png</file>
		<file id="id35">data/slide3.js</file>
		<file id="id36">data/slide3.css</file>
		<file id="id37">data/thmb4.png</file>
		<file id="id38">data/slide4.js</file>
		<file id="id39">data/slide4.css</file>
		<file id="id40">data/thmb5.png</file>
		<file id="id41">data/quiz2.js</file>
		<file id="id42">data/quiz2/audios/snd-0a4a-81ad-b669-bca7.mp3</file>
		<file id="id43">data/quiz2/audios/snd-cd08-5c51-6724-c3f5.mp3</file>
		<file id="id44">data/quiz2/fonts/fnt0.woff</file>
		<file id="id45">data/quiz2/fonts/fnt1.woff</file>
		<file id="id46">data/quiz2/fonts/fnt2.woff</file>
		<file id="id47">data/quiz2/images/img-2e17-f5af-39c1-5e43.png</file>
		<file id="id48">data/quiz2/images/img-44df-f038-11ec-6df4.png</file>
		<file id="id49">data/quiz2/images/img-460b-290f-a36a-8208.png</file>
		<file id="id50">data/quiz2/images/img-89bb-2b0f-0447-c82a.png</file>
		<file id="id51">data/quiz2/images/quiz_bg_0.png</file>
		<file id="id52">data/thmb6.png</file>
		<file id="id53">data/slide6.js</file>
		<file id="id54">data/slide6.css</file>
		<file id="id55">data/thmb7.png</file>
		<file id="id56">data/slide7.js</file>
		<file id="id57">data/slide7.css</file>
		<file id="id58">data/sound2.mp3</file>
		<file id="id59">data/sound3.mp3</file>
		<file id="id60">data/sound4.mp3</file>
		<file id="id61">data/sound5.mp3</file>
		<file id="id62">data/sound6.mp3</file>
		<file id="id63">data/quizplayer.js</file>
		<file id="id64">data/player.js</file>
		<file id="id69">data/browsersupport.js</file>
		<file id="id70">data/apple-touch-icon.png</file>
		<file id="id71">data/favicon.ico</file>
		<file id="id72">data/fnt0.woff</file>
		<file id="id73">data/fnt1.woff</file>
		<file id="id74">data/fnt2.woff</file>
		<file id="id75">data/fnt3.woff</file>
		<file id="id76">data/fnt4.woff</file>
		<file id="id77">data/fnt5.woff</file>
		<file id="id78">data/fnt6.woff</file>
		<file id="id79">data/fnt7.woff</file>
		<file id="id80">data/fnt8.woff</file>
		<file id="id81">data/html5-unsupported.html</file>
		<file id="id82">data/html5.png</file>
		<file id="id83">data/img0.png</file>
		<file id="id84">data/img1.png</file>
		<file id="id85">data/img10.png</file>
		<file id="id86">data/img11.png</file>
		<file id="id87">data/img12.png</file>
		<file id="id88">data/img13.png</file>
		<file id="id89">data/img14.png</file>
		<file id="id90">data/img15.png</file>
		<file id="id91">data/img16.png</file>
		<file id="id92">data/img17.png</file>
		<file id="id93">data/img2.png</file>
		<file id="id94">data/img3.png</file>
		<file id="id95">data/img4.png</file>
		<file id="id96">data/img5.png</file>
		<file id="id97">data/img6.png</file>
		<file id="id98">data/img7.png</file>
		<file id="id99">data/img8.png</file>
		<file id="id100">data/img9.png</file>
		<file id="id101">data/ismplayer/preview.png</file>
		<file id="id102">data/ismplayer/play.svg</file>
		<file id="id103">data/ismplayer/style.css</file>
		<file id="id104">data/ismplayer/style_mini.css</file>
		<file id="id105">ismplayer.html</file>
		<file id="id106">data/ismplayer/app_store2x.png</file>
		<file id="id107">metainfo.xml</file>
	</files>
</presentation>
